day,topic,pillar,verdict,original_idea
1,Why embarrassing moments stay in memory (emotional memory),Mind tricks & cognitive biases,Keep,Why you remember embarrassing moments years later
2,The spotlight effect: nobody's watching you as much as you think,Mind tricks & cognitive biases,Keep,The spotlight effect: nobody's watching you as much as you think
3,The left-digit effect: why $9.99 feels much cheaper than $10,Mind tricks & cognitive biases,Keep,Why $9.99 feels much cheaper than $10
4,Confirmation bias: how you test only what you already believe,Mind tricks & cognitive biases,Keep,Confirmation bias: you only see what you already believe
5,The Zeigarnik effect: do unfinished tasks really haunt you?,Mind tricks & cognitive biases,Reframe,The Zeigarnik effect: why unfinished tasks haunt you
6,Loss aversion: why losses feel bigger than gains (and who disagrees),Mind tricks & cognitive biases,Reframe,Why you hate losing more than you love winning (loss aversion)
7,The Dunning-Kruger effect: what it really says,Mind tricks & cognitive biases,Reframe,The Dunning-Kruger effect explained in 50 seconds
8,Earworms: why a song gets stuck in your head,Mind tricks & cognitive biases,Keep,Why a song gets stuck in your head
9,Anchoring: the first number you see,Mind tricks & cognitive biases,Keep,The anchoring trick stores use on you
10,The doorway effect: why you forget why you walked into a room,Mind tricks & cognitive biases,Keep,Why you walk into a room and forget why
11,The frequency illusion ('Baader-Meinhof'): why you suddenly see it everywhere,Mind tricks & cognitive biases,Reframe,The Baader-Meinhof phenomenon: seeing something everywhere
12,Decision fatigue: real or overhyped?,Mind tricks & cognitive biases,Reframe,Why decisions exhaust you (decision fatigue)
13,The sunk cost fallacy: why you finish bad movies,Mind tricks & cognitive biases,Keep,The sunk cost fallacy: why you finish bad movies
14,The halo effect: why attractive people get the benefit of the doubt,Mind tricks & cognitive biases,Reframe,Why you trust attractive people more (halo effect)
15,The IKEA effect: why you overvalue what you build,Mind tricks & cognitive biases,Keep,The IKEA effect: why you overvalue what you build
16,Does time really speed up as you age? What research finds,Mind tricks & cognitive biases,Reframe,Why time flies as you get older
17,"The bystander effect: more people, less help? (and when that flips)",Mind tricks & cognitive biases,Reframe,The bystander effect: why crowds don't help
18,Negativity bias: why bad news grabs your attention,Mind tricks & cognitive biases,Reframe,Why your brain loves bad news
19,The decoy effect in menus and subscriptions (and where it fails),Mind tricks & cognitive biases,Reframe,The decoy effect in menus and subscriptions
20,Why you procrastinate even when you care,Mind tricks & cognitive biases,Keep,Why you procrastinate even when you care
21,The mere exposure effect: why you like what's familiar,Mind tricks & cognitive biases,Keep,The mere exposure effect: why you like what's familiar
22,Why déjà vu happens (leading ideas),Mind tricks & cognitive biases,Reframe,Why déjà vu happens
23,The Google effect: what held up and what didn't replicate,Mind tricks & cognitive biases,Reframe,The Google effect: why you forget what you can search
24,Unrealistic optimism: why you think you'd never fall for a scam,Mind tricks & cognitive biases,Reframe,Why you think you'd never fall for a scam
25,Hindsight bias: 'I knew it all along',Mind tricks & cognitive biases,Keep,"Hindsight bias: ""I knew it all along"""
26,Multitasking: what task-switching really costs,Mind tricks & cognitive biases,Reframe,Why multitasking is a myth
27,The scarcity effect: why less feels worth more,Mind tricks & cognitive biases,Reframe,"The scarcity effect: why ""only 2 left"" works"
28,Why you can't tickle yourself,Mind tricks & cognitive biases,Keep,Why you can't tickle yourself
29,The planning fallacy: why everything takes longer,Mind tricks & cognitive biases,Keep,The planning fallacy: why everything takes longer
30,The peak-end rule: how you actually remember experiences,Mind tricks & cognitive biases,Keep,The peak-end rule: how you actually remember experiences
31,Mimicry: does mirroring body language build trust?,Social & relationship psychology,Reframe,Why mirroring someone's body language builds trust
32,The Ben Franklin effect: does asking for a favor make people like you?,Social & relationship psychology,Keep,The Ben Franklin effect: ask for a favor to be liked
33,Signs someone is lying (and why most are myths),Social & relationship psychology,Keep,Signs someone is lying (and why most are myths)
34,"Why people obey authority (the Milgram experiment, and its critics)",Social & relationship psychology,Reframe,Why people obey authority (the Milgram experiment)
35,The foot-in-the-door technique,Social & relationship psychology,Keep,The foot-in-the-door technique
36,The 200-millisecond rule: why a short silence feels awkward,Social & relationship psychology,Replace,Why silence makes people talk
37,Love bombing: what research actually says,Social & relationship psychology,Reframe,Love bombing: the warning sign nobody notices
38,Gaslighting explained simply,Social & relationship psychology,Keep,Gaslighting explained simply
39,Does playing hard to get work? (the experiments),Social & relationship psychology,Reframe,Why we're attracted to people who play hard to get
40,The pratfall effect: when mistakes make you more likable,Social & relationship psychology,Reframe,The pratfall effect: why mistakes make you likable
41,Social proof: why we copy the crowd,Social & relationship psychology,Keep,Social proof: why we copy the crowd
42,The door-in-the-face technique,Social & relationship psychology,Keep,The door-in-the-face technique
43,"First impressions take a tenth of a second, not 7 seconds",Social & relationship psychology,Reframe,Why first impressions form in 7 seconds
44,The Pygmalion effect: do expectations shape people?,Social & relationship psychology,Reframe,The Pygmalion effect: expectations shape people
45,Why likes feel rewarding (social media and the brain),Social & relationship psychology,Reframe,Why you crave validation online
46,Attachment styles in 50 seconds,Social & relationship psychology,Reframe,Attachment styles in 50 seconds
47,Why people stay in bad relationships (the investment model),Social & relationship psychology,Keep,Why people stay in bad relationships
48,The reciprocity rule: why favors and free samples work,Social & relationship psychology,Keep,The reciprocity rule: why free samples work
49,The fundamental attribution error,Social & relationship psychology,Reframe,Why we judge others by actions but ourselves by intentions
50,Do opposites attract? Similarity and attraction,Social & relationship psychology,Replace,The chameleon effect
51,Does using someone's name work? (what research shows),Social & relationship psychology,Reframe,Why using someone's name works on them
52,Groupthink: how smart teams make dumb decisions (and critics),Social & relationship psychology,Keep,Groupthink: how smart teams make dumb decisions
53,The Stanford prison experiment and why it's disputed,Social & relationship psychology,Keep,The Stanford prison experiment and why it's disputed
54,Why people gossip,Social & relationship psychology,Keep,Why people gossip
55,The illusion of transparency: others can't read you as well as you think,Social & relationship psychology,Replace,The benefit of the doubt you never give strangers
56,Narcissism vs. confidence: the research difference,Social & relationship psychology,Reframe,Narcissism vs. confidence: the real difference
57,Charisma: what charismatic leaders actually do,Social & relationship psychology,Reframe,Why we fall for charismatic leaders
58,The Asch conformity experiment,Social & relationship psychology,Keep,The Asch conformity experiment
59,Do breakups really hurt like physical pain? (contested),Social & relationship psychology,Reframe,Why breakups hurt like physical pain
60,Trauma bonding: what the theory says,Social & relationship psychology,Reframe,Trauma bonding explained
61,"Is Blue Monday real? What 340,000 interviews show","Habits, emotions & self-improvement",Replace,Why you feel anxious on Sunday nights
62,"The 2-minute rule: popular, unproven, and what is supported","Habits, emotions & self-improvement",Reframe,The 2-minute rule for beating procrastination
63,Dopamine: wanting vs liking,"Habits, emotions & self-improvement",Keep,"Why dopamine is about wanting, not pleasure"
64,Is your phone really a slot machine? (variable rewards),"Habits, emotions & self-improvement",Reframe,Why your phone is designed like a slot machine
65,Mental contrasting (WOOP): dreaming vs planning,"Habits, emotions & self-improvement",Replace,The 5-second rule: does it actually work?
66,Does journaling help? (expressive writing),"Habits, emotions & self-improvement",Reframe,Why journaling calms your brain
67,Habits run on cues (the science behind 'habit stacking'),"Habits, emotions & self-improvement",Reframe,Habit stacking explained
68,Mind-wandering and creative ideas (why they pop up in the shower),"Habits, emotions & self-improvement",Reframe,Why you're more creative in the shower
69,Impostor phenomenon: why high achievers feel like frauds,"Habits, emotions & self-improvement",Keep,Imposter syndrome: why high achievers feel like frauds
70,The hedonic treadmill: do new things stop making you happy?,"Habits, emotions & self-improvement",Reframe,The hedonic treadmill: why new things stop making you happy
71,Why naming your emotions shrinks them (affect labeling),"Habits, emotions & self-improvement",Keep,Why naming your emotions shrinks them
72,"Learned helplessness: the dog experiment, reinterpreted","Habits, emotions & self-improvement",Reframe,Learned helplessness: the dog experiment
73,Why sleep deprivation makes you emotional,"Habits, emotions & self-improvement",Keep,Why sleep deprivation makes you emotional
74,The Marshmallow test and what it really showed,"Habits, emotions & self-improvement",Keep,The Marshmallow test and what it really showed
75,Social comparison: how comparing changes how you feel,"Habits, emotions & self-improvement",Reframe,Why comparison steals your joy
76,Growth mindset: what the big studies found,"Habits, emotions & self-improvement",Reframe,Growth mindset vs. fixed mindset
77,Why you overthink at night,"Habits, emotions & self-improvement",Reframe,Why you overthink at night
78,Talk to yourself like a friend: third-person self-talk,"Habits, emotions & self-improvement",Replace,"The power of ""yet"""
79,What gratitude journaling actually does,"Habits, emotions & self-improvement",Reframe,Why gratitude rewires your brain
80,Does boredom make you more creative?,"Habits, emotions & self-improvement",Keep,Why boredom is good for you
81,The Fresh Start effect: why Mondays feel like a reset,"Habits, emotions & self-improvement",Keep,The Fresh Start effect: why Mondays feel like a reset
82,Self-handicapping: why you self-sabotage,"Habits, emotions & self-improvement",Keep,Why you self-sabotage
83,Emotional contagion: how moods spread,"Habits, emotions & self-improvement",Reframe,Emotional contagion: moods spread like viruses
84,Does walking help you think?,"Habits, emotions & self-improvement",Reframe,Why walking helps you think
85,The paradox of choice (and its meta-analysis),"Habits, emotions & self-improvement",Reframe,The paradox of choice
86,"Habit formation: the 66-day claim, corrected","Habits, emotions & self-improvement",Reframe,Why your brain needs 66 days to form a habit
87,Revenge bedtime procrastination,"Habits, emotions & self-improvement",Reframe,Revenge bedtime procrastination
88,Why small wins matter (the progress principle),"Habits, emotions & self-improvement",Keep,Why small wins matter more than big goals
89,The psychology of regret,"Habits, emotions & self-improvement",Keep,The psychology of regret
90,"Status quo bias: why your brain resists change, and how defaults help","Habits, emotions & self-improvement",Reframe,Why your brain fears change (and how to trick it)
