day,topic,title,script_done,video_done,qc_passed,scheduled_date,uploaded,notes
1,Why you remember embarrassing moments years later,Why Embarrassing Memories Stick Around,TRUE,TRUE,TRUE,,FALSE,QC ok
2,The spotlight effect: nobody's watching you as much as you think,Nobody's Watching You As Much As You Think,TRUE,TRUE,TRUE,,FALSE,QC ok
3,Why $9.99 feels much cheaper than $10,Why $9.99 Looks Cheaper Than $10,TRUE,TRUE,TRUE,,FALSE,QC ok
4,Confirmation bias: you only see what you already believe,Why You Test Only What You Believe,TRUE,TRUE,TRUE,,FALSE,QC ok
5,The Zeigarnik effect: why unfinished tasks haunt you,Do Unfinished Tasks Really Haunt You?,TRUE,TRUE,TRUE,,FALSE,QC ok
6,Why you hate losing more than you love winning (loss aversion),Does Losing Really Hurt More Than Winning?,TRUE,TRUE,TRUE,,FALSE,QC ok
7,The Dunning-Kruger effect explained in 50 seconds,Dunning-Kruger: What Everyone Gets Wrong,TRUE,TRUE,TRUE,,FALSE,QC ok
8,Why a song gets stuck in your head,Why That Song Won't Leave Your Head,TRUE,TRUE,TRUE,,FALSE,QC ok
9,The anchoring trick stores use on you,How One Random Number Changes Your Guess,TRUE,TRUE,TRUE,,FALSE,QC ok
10,Why you walk into a room and forget why,Does Walking Into a Room Make You Forget?,TRUE,TRUE,TRUE,,FALSE,QC ok
11,The Baader-Meinhof phenomenon: seeing something everywhere,Why You Suddenly See It Everywhere,TRUE,TRUE,TRUE,,FALSE,QC ok
12,Why decisions exhaust you (decision fatigue),Is Decision Fatigue Real? The Evidence Says...,TRUE,TRUE,TRUE,,FALSE,QC ok
13,The sunk cost fallacy: why you finish bad movies,The Sunk Cost Effect: Why Paying Keeps You Going,TRUE,TRUE,TRUE,,FALSE,QC ok
14,Why you trust attractive people more (halo effect),The Halo Effect: Why Looks Seem to Count,TRUE,TRUE,TRUE,,FALSE,QC ok
15,The IKEA effect: why you overvalue what you build,Why You Overvalue What You Build Yourself,TRUE,TRUE,TRUE,,FALSE,QC ok
16,Why time flies as you get older,Does Time Really Speed Up as You Age?,TRUE,TRUE,TRUE,,FALSE,QC ok
17,The bystander effect: why crowds don't help,Do Crowds Really Stop People From Helping?,TRUE,TRUE,TRUE,,FALSE,QC ok
18,Why your brain loves bad news,Why Bad News Grabs Your Attention,TRUE,TRUE,TRUE,,FALSE,QC ok
19,The decoy effect in menus and subscriptions,Can a Menu Option You Never Order Change Your Pick?,TRUE,TRUE,TRUE,,FALSE,QC ok
20,Why you procrastinate even when you care,Why You Procrastinate on What Matters,TRUE,TRUE,TRUE,,FALSE,QC ok
21,The mere exposure effect: why you like what's familiar,Why You Like What You've Seen a Lot,TRUE,TRUE,TRUE,,FALSE,QC ok
22,Why déjà vu happens,What Actually Causes Déjà Vu?,TRUE,TRUE,TRUE,,FALSE,QC ok
23,The Google effect: why you forget what you can search,Is Google Hurting Your Memory? What Held Up,TRUE,TRUE,TRUE,,FALSE,QC ok
24,Why you think you'd never fall for a scam,Why You Think You'd Never Fall for a Scam,TRUE,TRUE,TRUE,,FALSE,QC ok
25,"Hindsight bias: ""I knew it all along""",'I Knew It All Along': The Hindsight Trap,TRUE,TRUE,TRUE,,FALSE,QC ok
26,Why multitasking is a myth,What Multitasking Really Costs Your Brain,TRUE,TRUE,TRUE,,FALSE,QC ok
27,"The scarcity effect: why ""only 2 left"" works",Does Scarcity Make Things Look Better?,TRUE,TRUE,TRUE,,FALSE,QC ok
28,Why you can't tickle yourself,Why You Can't Tickle Yourself,TRUE,TRUE,TRUE,,FALSE,QC ok
29,The planning fallacy: why everything takes longer,Why Everything Takes Longer Than Planned,TRUE,TRUE,TRUE,,FALSE,QC ok
30,The peak-end rule: how you actually remember experiences,Peak-End: How Endings Shape Memory,TRUE,TRUE,TRUE,,FALSE,QC ok
31,Why mirroring someone's body language builds trust,Does Copying Body Language Build Trust?,TRUE,FALSE,,,FALSE,
32,The Ben Franklin effect: ask for a favor to be liked,Does Asking for a Favor Make People Like You?,TRUE,FALSE,,,FALSE,
33,Signs someone is lying (and why most are myths),Can You Really Spot a Liar? What Research Says,TRUE,FALSE,,,FALSE,
34,Why people obey authority (the Milgram experiment),Milgram: Do People Really Obey Blindly?,TRUE,FALSE,,,FALSE,
35,The foot-in-the-door technique,The Foot-in-the-Door Technique: Does It Work?,TRUE,FALSE,,,FALSE,
36,Why silence makes people talk,The 200-Millisecond Rule Behind Awkward Silence,TRUE,FALSE,,,FALSE,
37,Love bombing: the warning sign nobody notices,Love Bombing: What Research Actually Says,TRUE,FALSE,,,FALSE,
38,Gaslighting explained simply,Gaslighting: What the Research Says,TRUE,FALSE,,,FALSE,
39,Why we're attracted to people who play hard to get,Does Playing Hard to Get Actually Work?,TRUE,FALSE,,,FALSE,
40,The pratfall effect: why mistakes make you likable,The Pratfall Effect: When Mistakes Make You Likable,TRUE,FALSE,,,FALSE,
41,Social proof: why we copy the crowd,Social Proof: Does the Crowd Really Sway You?,TRUE,FALSE,,,FALSE,
42,The door-in-the-face technique,The Door-in-the-Face Technique: Does It Work?,TRUE,FALSE,,,FALSE,
43,Why first impressions form in 7 seconds,Do First Impressions Form in a Tenth of a Second?,TRUE,FALSE,,,FALSE,
44,The Pygmalion effect: expectations shape people,The Pygmalion Effect: Do Expectations Shape Students?,TRUE,FALSE,,,FALSE,
45,Why you crave validation online,Why Do Likes Feel So Rewarding? A Teen Brain Study,TRUE,FALSE,,,FALSE,
46,Attachment styles in 50 seconds,Attachment Styles in 50 Seconds,TRUE,FALSE,,,FALSE,
47,Why people stay in bad relationships,Why Do People Stay in Relationships That Hurt?,TRUE,FALSE,,,FALSE,
48,The reciprocity rule: why free samples work,The Reciprocity Rule: Why Favors Create Debts,TRUE,FALSE,,,FALSE,
49,Why we judge others by actions but ourselves by intentions,The Fundamental Attribution Error Explained,TRUE,FALSE,,,FALSE,
50,The chameleon effect,Do Opposites Attract? What 313 Studies Found,TRUE,FALSE,,,FALSE,
51,Why using someone's name works on them,,FALSE,FALSE,,,FALSE,
52,Groupthink: how smart teams make dumb decisions,,FALSE,FALSE,,,FALSE,
53,The Stanford prison experiment and why it's disputed,,FALSE,FALSE,,,FALSE,
54,Why people gossip,,FALSE,FALSE,,,FALSE,
55,The benefit of the doubt you never give strangers,,FALSE,FALSE,,,FALSE,
56,Narcissism vs. confidence: the real difference,,FALSE,FALSE,,,FALSE,
57,Why we fall for charismatic leaders,,FALSE,FALSE,,,FALSE,
58,The Asch conformity experiment,,FALSE,FALSE,,,FALSE,
59,Why breakups hurt like physical pain,,FALSE,FALSE,,,FALSE,
60,Trauma bonding explained,,FALSE,FALSE,,,FALSE,
61,Why you feel anxious on Sunday nights,,FALSE,FALSE,,,FALSE,
62,The 2-minute rule for beating procrastination,,FALSE,FALSE,,,FALSE,
63,"Why dopamine is about wanting, not pleasure",,FALSE,FALSE,,,FALSE,
64,Why your phone is designed like a slot machine,,FALSE,FALSE,,,FALSE,
65,The 5-second rule: does it actually work?,,FALSE,FALSE,,,FALSE,
66,Why journaling calms your brain,,FALSE,FALSE,,,FALSE,
67,Habit stacking explained,,FALSE,FALSE,,,FALSE,
68,Why you're more creative in the shower,,FALSE,FALSE,,,FALSE,
69,Imposter syndrome: why high achievers feel like frauds,,FALSE,FALSE,,,FALSE,
70,The hedonic treadmill: why new things stop making you happy,,FALSE,FALSE,,,FALSE,
71,Why naming your emotions shrinks them,,FALSE,FALSE,,,FALSE,
72,Learned helplessness: the dog experiment,,FALSE,FALSE,,,FALSE,
73,Why sleep deprivation makes you emotional,,FALSE,FALSE,,,FALSE,
74,The Marshmallow test and what it really showed,,FALSE,FALSE,,,FALSE,
75,Why comparison steals your joy,,FALSE,FALSE,,,FALSE,
76,Growth mindset vs. fixed mindset,,FALSE,FALSE,,,FALSE,
77,Why you overthink at night,,FALSE,FALSE,,,FALSE,
78,"The power of ""yet""",,FALSE,FALSE,,,FALSE,
79,Why gratitude rewires your brain,,FALSE,FALSE,,,FALSE,
80,Why boredom is good for you,,FALSE,FALSE,,,FALSE,
81,The Fresh Start effect: why Mondays feel like a reset,,FALSE,FALSE,,,FALSE,
82,Why you self-sabotage,,FALSE,FALSE,,,FALSE,
83,Emotional contagion: moods spread like viruses,,FALSE,FALSE,,,FALSE,
84,Why walking helps you think,,FALSE,FALSE,,,FALSE,
85,The paradox of choice,,FALSE,FALSE,,,FALSE,
86,Why your brain needs 66 days to form a habit,,FALSE,FALSE,,,FALSE,
87,Revenge bedtime procrastination,,FALSE,FALSE,,,FALSE,
88,Why small wins matter more than big goals,,FALSE,FALSE,,,FALSE,
89,The psychology of regret,,FALSE,FALSE,,,FALSE,
90,Why your brain fears change (and how to trick it),,FALSE,FALSE,,,FALSE,
